{
  "p4n0.png": [
    [
      560.1571044921875,
      468.5604248046875
    ],
    [
      680.1703491210938,
      346.90675354003906
    ],
    [
      800.18359375,
      468.5604248046875
    ],
    [
      680.1703491210938,
      590.2140960693359
    ]
  ],
  "p8n0.png": [
    [
      499.0023651123047,
      632.2904663085938
    ],
    [
      616.03369140625,
      513.8627090454102
    ],
    [
      733.0650177001953,
      632.2904663085938
    ],
    [
      616.03369140625,
      750.7182235717773
    ]
  ],
  "p7n0.png": [
    [
      804.0586013793945,
      564.9779663085938
    ],
    [
      916.7446899414062,
      451.85533905029297
    ],
    [
      1029.430778503418,
      564.9779663085938
    ],
    [
      916.7446899414062,
      678.1005935668945
    ]
  ],
  "p41n0.png": [
    [
      864.7420806884766,
      391.465576171875
    ],
    [
      978.489990234375,
      276.7011032104492
    ],
    [
      1092.2378997802734,
      391.465576171875
    ],
    [
      978.489990234375,
      506.2300491333008
    ]
  ],
  "p71n0.png": [
    [
      877.9101333618164,
      573.9690551757812
    ],
    [
      986.5792236328125,
      463.9127502441406
    ],
    [
      1095.2483139038086,
      573.9690551757812
    ],
    [
      986.5792236328125,
      684.0253601074219
    ]
  ],
  "p21n0.png": [
    [
      645.2276916503906,
      594.5586547851562
    ],
    [
      767.6177368164062,
      469.85315704345703
    ],
    [
      890.0077819824219,
      594.5586547851562
    ],
    [
      767.6177368164062,
      719.2641525268555
    ]
  ],
  "p2n0.png": [
    [
      564.8749923706055,
      222.9371337890625
    ],
    [
      679.1638793945312,
      108.03465270996094
    ],
    [
      793.452766418457,
      222.9371337890625
    ],
    [
      679.1638793945312,
      337.83961486816406
    ]
  ],
  "p0n0.png": [
    [
      577.893798828125,
      592.19189453125
    ],
    [
      692.974365234375,
      476.8357696533203
    ],
    [
      808.054931640625,
      592.19189453125
    ],
    [
      692.974365234375,
      707.5480194091797
    ]
  ]
}